京都府,伊丹市,RTX1200,ルータ23
京都府,宇治市,RTX1100,ルータ20
京都府,宇治市,RTX1200,ルータ19
京都府,宇治市,RTX1200,ルータ21
京都府,宇治市,RTX1200,ルータ22
京都府,京都市,RTX1100,ルータ16
京都府,京都市,RTX1200,ルータ13
京都府,京都市,RTX1200,ルータ14
京都府,京都市,RTX1200,ルータ15
京都府,京都市,RTX1200,ルータ17
京都府,京都市,RTX1200,ルータ18
大阪府,大阪市,RTX1100,ルータ4
大阪府,大阪市,RTX1200,ルータ１
大阪府,大阪市,RTX1200,ルータ2
大阪府,大阪市,RTX1200,ルータ3
大阪府,東大阪市,RTX1200,ルータ5
大阪府,東大阪市,RTX1200,ルータ6
大阪府,東大阪市,RTX1200,ルータ7
大阪府,八尾市,RTX1200,ルータ10
大阪府,八尾市,RTX1200,ルータ11
大阪府,八尾市,RTX1200,ルータ12
大阪府,八尾市,RTX1200,ルータ8
大阪府,八尾市,RTX1200,ルータ9
兵庫県,神戸市,RTX1200,ルータ30
兵庫県,神戸市,RTX1200,ルータ31
兵庫県,神戸市,RTX1200,ルータ32
兵庫県,神戸市,RTX1200,ルータ33
兵庫県,神戸市,RTX1200,ルータ34
兵庫県,宝塚市,RTX1100,ルータ26
兵庫県,宝塚市,RTX1200,ルータ24
兵庫県,宝塚市,RTX1200,ルータ25
兵庫県,宝塚市,RTX1200,ルータ27
兵庫県,宝塚市,RTX1200,ルータ28
兵庫県,宝塚市,RTX1200,ルータ29
